new well,expt,expt_well,strain,media,condition,biorep,techrep
1,sugars_1,4,blank,HvCa,25mM glucose,,
2,sugars_1,6,blank,HvCa,25mM xylose,,
3,sugars_1,7,blank,HvCa,25mM xylose,,
4,sugars_1,8,blank,HvCa,25mM glycerol,,
5,sugars_1,9,blank,HvCa,25mM xylose,,
6,sugars_1,21,blank,HvCa,no carbon,,
7,sugars_1,30,blank,HvCa,25mM xylose,,
8,sugars_1,31,blank,HvCa,25mM xylose,,
9,sugars_1,71,blank,HvCa,no carbon,,
10,sugars_1,81,blank,HvCa,no carbon,,
11,sugars_1,90,blank,HvCa,25mM xylose,,
12,sugars_1,12,WT,HvCa,no carbon,1,5
13,sugars_1,16,WT,HvCa,25mM glycerol,1,2
14,sugars_1,24,trmB,HvCa,25mM glycerol,1,1
15,sugars_1,27,WT,HvCa,no carbon,1,4
16,sugars_1,29,trmB,HvCa,no carbon,1,4
17,sugars_1,32,trmB,HvCa,25mM glycerol,2,1
18,sugars_1,34,trmB,HvCa,no carbon,2,1
19,sugars_1,35,WT,HvCa,25mM galactose,2,3
20,sugars_1,91,blank,HvCa,25mM glycerol,,
21,sugars_1,92,blank,HvCa,25mM xylose,,
22,sugars_1,36,trmB,HvCa,25mM galactose,2,2
23,sugars_1,45,trmB,HvCa,25mM galactose,2,1
24,sugars_1,46,WT,HvCa,25mM galactose,1,2
25,sugars_1,52,trmB,HvCa,25mM xylose,1,1
26,sugars_1,53,trmB,HvCa,25mM galactose,1,3
27,sugars_1,54,trmB,HvCa,no carbon,1,2
28,sugars_1,56,WT,HvCa,25mM galactose,2,1
29,sugars_1,57,trmB,HvCa,no carbon,2,3
30,sugars_1,94,blank,HvCa,25mM glycerol,,
31,sugars_1,95,blank,HvCa,25mM galactose,,
32,sugars_1,59,WT,HvCa,25mM xylose,1,1
33,sugars_1,63,WT,HvCa,no carbon,1,3
34,sugars_1,66,WT,HvCa,no carbon,2,3
35,sugars_1,68,trmB,HvCa,25mM glucose,2,1
36,sugars_1,69,WT,HvCa,25mM glucose,2,1
37,sugars_1,72,trmB,HvCa,25mM xylose,2,1
38,sugars_1,73,WT,HvCa,25mM glucose,1,2
39,sugars_1,74,trmB,HvCa,25mM xylose,2,1
40,sugars_1,96,blank,HvCa,25mM glucose,,
41,sugars_1,97,blank,HvCa,25mM glycerol,,
42,sugars_1,75,WT,HvCa,no carbon,1,2
43,sugars_1,76,WT,HvCa,25mM glycerol,2,2
44,sugars_1,82,WT,HvCa,25mM xylose,2,2
45,sugars_1,83,trmB,HvCa,no carbon,1,3
46,sugars_1,84,WT,HvCa,25mM glucose,1,1
47,sugars_1,86,trmB,HvCa,25mM xylose,1,2
48,sugars_1,88,WT,HvCa,no carbon,2,1
49,sugars_1,112,trmB,HvCa,no carbon,1,7
50,sugars_1,100,blank,HvCa,25mM glucose,,
51,sugars_1,104,blank,HvCa,no carbon,,
52,sugars_1,114,WT,HvCa,25mM xylose,2,3
53,sugars_1,115,trmB,HvCa,25mM glucose,2,2
54,sugars_1,116,trmB,HvCa,25mM galactose,1,2
55,sugars_1,119,trmB,HvCa,25mM glycerol,2,2
56,sugars_1,122,WT,HvCa,no carbon,1,1
57,sugars_1,124,WT,HvCa,25mM galactose,2,2
58,sugars_1,127,WT,HvCa,25mM glycerol,2,1
59,sugars_1,129,trmB,HvCa,no carbon,1,1
60,sugars_1,106,blank,HvCa,25mM galactose,,
61,sugars_1,111,blank,HvCa,no carbon,,
62,sugars_1,132,trmB,HvCa,25mM glucose,1,2
63,sugars_1,133,WT,HvCa,25mM glycerol,2,3
64,sugars_1,135,trmB,HvCa,25mM glucose,1,3
65,sugars_1,136,trmB,HvCa,25mM xylose,2,3
66,sugars_1,139,WT,HvCa,25mM glycerol,1,3
67,sugars_1,142,WT,HvCa,25mM xylose,1,3
68,sugars_1,143,WT,HvCa,25mM glucose,1,3
69,sugars_1,145,WT,HvCa,25mM glycerol,1,1
70,sugars_1,120,blank,HvCa,25mM glycerol,,
71,sugars_1,121,blank,HvCa,25mM glucose,,
72,sugars_1,152,trmB,HvCa,25mM glycerol,2,3
73,sugars_1,153,WT,HvCa,25mM xylose,1,3
74,sugars_1,154,trmB,HvCa,25mM xylose,2,2
75,sugars_1,155,trmB,HvCa,25mM glycerol,1,2
76,sugars_1,156,WT,HvCa,25mM glucose,2,2
77,sugars_1,157,trmB,HvCa,25mM glucose,1,1
78,sugars_1,159,trmB,HvCa,no carbon,1,6
79,sugars_1,163,trmB,HvCa,25mM glycerol,1,3
80,sugars_1,130,blank,HvCa,25mM glycerol,,
81,sugars_1,140,blank,HvCa,no carbon,,
82,sugars_1,164,WT,HvCa,25mM glucose,2,3
83,sugars_1,166,trmB,HvCa,no carbon,1,5
84,sugars_1,168,WT,HvCa,no carbon,1,7
85,sugars_1,169,trmB,HvCa,25mM galactose,1,1
86,sugars_1,173,trmB,HvCa,25mM galactose,2,3
87,sugars_1,175,WT,HvCa,no carbon,2,2
88,sugars_1,177,trmB,HvCa,25mM glucose,2,3
89,sugars_1,182,WT,HvCa,25mM xylose,1,2
90,sugars_1,141,blank,HvCa,25mM galactose,,
91,sugars_1,150,blank,HvCa,25mM glucose,,
92,sugars_1,184,WT,HvCa,25mM galactose,1,1
93,sugars_1,185,WT,HvCa,25mM galactose,1,3
94,sugars_1,186,trmB,HvCa,no carbon,2,2
95,sugars_1,188,WT,HvCa,no carbon,1,6
96,sugars_1,161,blank,HvCa,25mM galactose,,
97,sugars_1,171,blank,HvCa,25mM galactose,,
98,sugars_1,181,blank,HvCa,25mM galactose,,
99,sugars_1,190,blank,HvCa,25mM galactose,,
100,sugars_2,1,blank,HvCa,25mM glucose,,
101,sugars_2,4,blank,HvCa,25mM glycerol,,
102,sugars_2,25,WT,HvCa,25mM glycerol,4,2
103,sugars_2,26,WT,HvCa,no carbon,3,2
104,sugars_2,27,WT,HvCa,25mM xylose,4,1
105,sugars_2,28,WT,HvCa,25mM glucose,3,2
106,sugars_2,5,blank,HvCa,25mM glucose,,
107,sugars_2,7,blank,HvCa,25mM glycerol,,
108,sugars_2,9,blank,HvCa,25mM xylose,,
109,sugars_2,10,blank,HvCa,25mM glycerol,,
110,sugars_2,20,blank,HvCa,no carbon,,
111,sugars_2,30,blank,HvCa,no carbon,,
112,sugars_2,174,WT,HvCa,25mM glycerol,4,1
113,sugars_2,177,WT,HvCa,25mM galactose,4,2
114,sugars_2,179,WT,HvCa,no carbon,3,1
115,sugars_2,182,trmB,HvCa,25mM glycerol,4,2
116,sugars_2,185,trmB,HvCa,25mM galactose,3,2
117,sugars_2,29,trmB,HvCa,25mM xylose,4,1
118,sugars_2,32,WT,HvCa,25mM glucose,4,1
119,sugars_2,33,trmB,HvCa,25mM glucose,4,1
120,sugars_2,70,blank,HvCa,25mM xylose,,
121,sugars_2,80,blank,HvCa,no carbon,,
122,sugars_2,35,WT,HvCa,no carbon,4,3
123,sugars_2,38,WT,HvCa,no carbon,3,3
124,sugars_2,42,WT,HvCa,25mM xylose,3,1
125,sugars_2,44,trmB,HvCa,no carbon,4,3
126,sugars_2,45,WT,HvCa,25mM galactose,4,1
127,sugars_2,47,trmB,HvCa,no carbon,3,2
128,sugars_2,48,trmB,HvCa,25mM galactose,1,3
129,sugars_2,49,trmB,HvCa,25mM xylose,3,1
130,sugars_2,92,blank,HvCa,25mM xylose,,
131,sugars_2,101,blank,HvCa,25mM xylose,,
132,sugars_2,55,WT,HvCa,25mM galactose,3,2
133,sugars_2,56,trmB,HvCa,25mM galactose,4,1
134,sugars_2,65,trmB,HvCa,25mM galactose,4,2
135,sugars_2,66,WT,HvCa,25mM galactose,4,3
136,sugars_2,67,trmB,HvCa,no carbon,4,1
137,sugars_2,69,trmB,HvCa,25mM glycerol,4,1
138,sugars_2,72,trmB,HvCa,no carbon,5,1
139,sugars_2,74,WT,HvCa,no carbon,5,4
140,sugars_2,103,blank,HvCa,25mM glucose,,
141,sugars_2,105,blank,HvCa,no carbon,,
142,sugars_2,77,trmB,HvCa,25mM glycerol,3,1
143,sugars_2,85,WT,HvCa,25mM glycerol,3,2
144,sugars_2,89,WT,HvCa,no carbon,5,2
145,sugars_2,13,WT,HvCa,no carbon,4,1
146,sugars_2,15,trmB,HvCa,25mM xylose,3,2
147,sugars_2,17,WT,HvCa,25mM glucose,3,1
148,sugars_2,18,trmB,HvCa,no carbon,3,3
149,sugars_2,19,WT,HvCa,25mM xylose,4,2
150,sugars_2,107,blank,HvCa,25mM glucose,,
151,sugars_2,110,blank,HvCa,25mM glycerol,,
152,sugars_2,113,WT,HvCa,no carbon,5,3
153,sugars_2,115,trmB,HvCa,no carbon,4,2
154,sugars_2,116,WT,HvCa,25mM galactose,3,3
155,sugars_2,117,WT,HvCa,25mM galactose,3,1
156,sugars_2,119,WT,HvCa,25mM xylose,3,2
157,sugars_2,186,trmB,HvCa,25mM glucose,4,2
158,sugars_2,187,WT,HvCa,25mM xylose,4,3
159,sugars_2,124,trmB,HvCa,25mM glucose,4,3
160,sugars_2,111,blank,HvCa,25mM galactose,,
161,sugars_2,120,blank,HvCa,25mM galactose,,
162,sugars_2,126,WT,HvCa,no carbon,4,2
163,sugars_2,128,trmB,HvCa,25mM galactose,4,3
164,sugars_2,132,trmB,HvCa,25mM galactose,3,1
165,sugars_2,133,WT,HvCa,no carbon,5,1
166,sugars_2,135,trmB,HvCa,no carbon,5,4
167,sugars_2,137,WT,HvCa,25mM glucose,4,3
168,sugars_2,138,trmB,HvCa,25mM glycerol,3,3
169,sugars_2,142,trmB,HvCa,no carbon,5,2
170,sugars_2,93,blank,HvCa,25mM glycerol,,
171,sugars_2,97,blank,HvCa,25mM glucose,,
172,sugars_2,144,trmB,HvCa,25mM glucose,3,1
173,sugars_2,145,WT,HvCa,25mM glucose,4,2
174,sugars_2,146,trmB,HvCa,25mM glycerol,3,2
175,sugars_2,147,trmB,HvCa,25mM xylose,4,2
176,sugars_2,148,WT,HvCa,25mM xylose,3,3
177,sugars_2,149,trmB,HvCa,25mM glycerol,4,3
178,sugars_2,156,WT,HvCa,25mM glycerol,3,1
179,sugars_2,158,WT,HvCa,25mM glucose,3,3
180,sugars_2,130,blank,HvCa,25mM galactose,,
181,sugars_2,151,blank,HvCa,25mM glucose,,
182,sugars_2,159,trmB,HvCa,25mM xylose,3,3
183,sugars_2,162,WT,HvCa,25mM glycerol,3,3
184,sugars_2,165,trmB,HvCa,25mM xylose,4,3
185,sugars_2,166,trmB,HvCa,25mM glucose,3,3
186,sugars_2,168,WT,HvCa,25mM glycerol,4,3
187,sugars_2,169,trmB,HvCa,25mM glucose,3,2
188,sugars_2,172,trmB,HvCa,no carbon,3,1
189,sugars_2,189,trmB,HvCa,no carbon,5,3
190,sugars_2,171,blank,HvCa,25mM glycerol,,
191,sugars_2,160,blank,HvCa,25mM galactose,,
192,sugars_2,161,blank,HvCa,no carbon,,
193,sugars_2,190,blank,HvCa,no carbon,,
194,sugars_1,191,blank,HvCa,25mM glycerol,,
195,sugars_2,180,blank,HvCa,25mM glucose,,
196,sugars_2,181,blank,HvCa,25mM glycerol,,
197,sugars_1,194,blank,HvCa,25mM glucose,,
198,sugars_2,195,blank,HvCa,25mM galactose,,
199,sugars_1,196,blank,HvCa,no carbon,,
200,sugars_2,197,blank,HvCa,no carbon,,
